{
  "_meta": {
    "sources": [
      "loopback/common/models",
      "loopback/server/models",
      "../common/models",
      "./models"
    ],
    "mixins": [
      "loopback/common/mixins",
      "loopback/server/mixins",
      "../common/mixins",
      "./mixins"
    ]
  },
  "User": {
    "dataSource": "db",
    "public": false
  },
  "AccessToken": {
    "dataSource": "db",
    "public": false
  },
  "ACL": {
    "dataSource": "db",
    "public": false
  },
  "RoleMapping": {
    "dataSource": "db",
    "public": false,
    "options": {
      "strictObjectIDCoercion": true
    }
  },
  "Role": {
    "dataSource": "db",
    "public": false
  },
  "user": {
    "dataSource": "db",
    "public": true
  },
  "Dashboard": {
    "dataSource": "db",
    "public": true
  },
  "Widget": {
    "dataSource": "db",
    "public": true
  },
  "WidgetSettings": {
    "dataSource": "db",
    "public": true
  },
  "DataSource": {
    "dataSource": "db",
    "public": true
  },
  "UserWidgetSettings": {
    "dataSource": "db",
    "public": false
  },
  "UserDashboards": {
    "dataSource": "db",
    "public": false
  },
  "DashboardWidgetSettings": {
    "dataSource": "db",
    "public": false
  },
  "UserDataSource": {
    "dataSource": "db",
    "public": false
  },
  "Invitation": {
    "dataSource": "db",
    "public": true
  },
  "DashboardRoleMapping": {
    "dataSource": "db",
    "public": false
  },
  "OrganizationCollaborators": {
    "dataSource": "db",
    "public": false
  },
  "Notifications": {
    "dataSource": "db",
    "public": true
  },
  "SubWidgetSettings": {
    "dataSource": "db",
    "public": false
  },
  "MeasureConditions": {
    "dataSource": "db",
    "public": false
  }
}
