{
  "name": "DataSource",
  "base": "PersistedModel",
  "idInjection": true,
  "options": {
    "validateUpsert": true
  },
  "mixins": {
    "AutoSetUser": true,
    "OwnerRestrictedStaticMethods": true
  },
  "properties": {
    "title": {
      "type": "string"
    },
    "type": {
      "type": "string"
    },
    "description": {
      "type": "string"
    },
    "config": {
      "type": "object"
    }
  },
  "validations": [],
  "relations": {
    "user": {
      "type": "belongsTo",
      "model": "user",
      "foreignKey": ""
    }
  },
  "acls": [],
  "methods": {}
}
