{
  "name": "Invitation",
  "base": "PersistedModel",
  "idInjection": true,
  "options": {
    "validateUpsert": true
  },
  "properties": {
    "type": {
      "type": "string"
    },
    "email": {
      "type": "string"
    },
    "status": {
      "type": "string",
      "default": "pending"
    }
  },
  "validations": [],
  "relations": {
    "organization": {
      "type": "belongsTo",
      "model": "user",
      "foreignKey": "organizationId"
    },
    "collaborator": {
      "type": "belongsTo",
      "model": "user",
      "foreignKey": "collaboratorId"
    }
  },
  "acls": [],
  "methods": {}
}
