{
  "name": "user",
  "base": "User",
  "idInjection": true,
  "options": {
    "validateUpsert": true
  },
  "properties": {
    "firstName": {
      "type": "string"
    },
    "lastName": {
      "type": "string"
    },
    "countryCode": {
      "type": "string"
    },
    "phoneNumber": {
      "type": "string"
    },
    "country": {
      "type": "string"
    },
    "title": {
      "type": "string"
    },
    "roleString": {
      "type": "string"
    },
    "bio": {
      "type": "string"
    },
    "website": {
      "type": "string"
    }
  },
  "validations": [],
  "relations": {
    "widgetSettings": {
      "type": "hasMany",
      "model": "WidgetSettings",
      "foreignKey": "",
      "through": "UserWidgetSettings"
    },
    "dashboards": {
      "type": "hasMany",
      "model": "Dashboard",
      "foreignKey": "",
      "through": "UserDashboards"
    },
    "dataSources": {
      "type": "hasMany",
      "model": "DataSource",
      "foreignKey": "",
      "through": "UserDataSource"
    },
    "notifications": {
      "type": "hasMany",
      "model": "Notifications",
      "foreignKey": ""
    }
  },
  "acls": [
    {
      "accessType": "WRITE",
      "principalType": "ROLE",
      "principalId": "$owner",
      "permission": "ALLOW"
    },
    {
      "accessType": "EXECUTE",
      "principalType": "ROLE",
      "principalId": "$owner",
      "permission": "ALLOW"
    }
  ],
  "methods": {}
}
