{
  "name": "WidgetSettings",
  "base": "PersistedModel",
  "idInjection": true,
  "options": {
    "validateUpsert": true
  },
  "mixins": {
    "AutoSetUser": true,
    "OwnerRestrictedStaticMethods": true
  },
  "properties": {
    "title": {
      "type": "string"
    },
    "description": {
      "type": "string"
    },
    "layout": {
      "type": "object"
    },
    "data": {
      "type": "object"
    },
    "config": {
      "type": "object"
    },
    "properties": {
      "type": "object"
    }
  },
  "validations": [],
  "relations": {
    "widget": {
      "type": "belongsTo",
      "model": "Widget",
      "foreignKey": ""
    },
    "user": {
      "type": "belongsTo",
      "model": "user",
      "foreignKey": ""
    },
    "dataSource": {
      "type": "belongsTo",
      "model": "DataSource",
      "foreignKey": ""
    },
    "subWidgetSettings": {
      "type": "hasMany",
      "model": "SubWidgetSettings",
      "foreignKey": ""
    },
    "measureConditions": {
      "type": "hasMany",
      "model": "MeasureConditions",
      "foreignKey": ""
    }
  },
  "acls": [],
  "methods": {}
}
